Date,Dynamic_Portfolio,Nifty_50
2021-01-01,100.0,100.0
2021-01-04,101.14978646699984,100.81606727271107
2021-01-05,101.07348682981173,101.29115097906339
2021-01-06,100.68308867391744,100.9112957877091
2021-01-07,100.81788813488687,100.84780546688306
2021-01-08,102.52840376275401,102.34511538324358
2021-01-11,103.46838590787257,103.32596212148233
2021-01-12,104.2708088215374,103.88736452054428
2021-01-13,105.34371596641331,103.89734714395263
2021-01-14,106.06514577320023,104.11670014177692
2021-01-15,105.7079432174622,102.96180187118806
2021-01-18,104.73041369402532,101.87466422718192
2021-01-19,106.05003993735568,103.5856217899561
2021-01-20,106.88916961104172,104.46695577495805
2021-01-21,105.95070752820381,104.07924962995325
2021-01-22,104.64541516596152,102.52095723954058
2021-01-25,104.22773774135102,101.5722109400078
2021-01-27,102.34735881194982,99.63619502799868
2021-01-28,101.22098141776917,98.56653568275847
2021-01-29,100.41531564501474,97.26147312034095
2021-02-01,105.4730920323644,101.87395367059597
2021-02-02,108.40993282195932,104.48942190230764
2021-02-03,109.45444928903873,105.50308660207936
2021-02-04,110.47282357242709,106.25709163337729
2021-02-05,109.98277961931191,106.46110496843453
2021-02-08,112.23947341015264,107.8275122494382
2021-02-09,111.70356057488343,107.7811449490851
2021-02-10,111.5988097028573,107.76117273602736
2021-02-11,112.13757983101357,108.23768452179262
2021-02-12,111.43446316630096,108.16635021355705
2021-02-15,112.27024890365583,109.24635442673964
2021-02-16,112.09523166871759,109.2374376382102
2021-02-17,111.54545579683553,108.49163883885578
2021-02-18,110.51198771568671,107.84998534302883
2021-02-19,109.41050452702895,106.87127724078893
2021-02-22,106.6684897128882,104.68809213048826
2021-02-23,107.26325657730618,104.91707247342796
2021-02-24,108.90132620311242,106.87306059849485
2021-02-25,109.55225697210203,107.69589905749545
2021-02-26,105.56793333156251,103.64268923654458
2021-03-01,106.49706916534579,105.30049438019404
2021-03-02,108.3609108848468,106.42436501319685
2021-03-03,110.14718609266637,108.75343017708742
2021-03-04,108.85071461467282,107.57748689232088
2021-03-05,107.86328630616127,106.5599001988444
2021-03-08,108.38604665518719,106.68901947649539
2021-03-09,109.06728417482134,107.70339473285307
2021-03-10,109.76035794569063,108.248384668028
2021-03-12,108.79798277508084,107.22224343055609
2021-03-15,107.82116570798071,106.49855548025826
2021-03-16,107.76828699485284,106.36266501631775
2021-03-17,106.79587791216714,105.01337378954598
2021-03-18,105.97964610761501,103.84741312818777
2021-03-19,106.9796683718321,105.17530406248888
2021-03-22,107.21566462870267,105.12109277472628
2021-03-23,107.58004490269734,105.67999429325536
2021-03-24,105.50357504004221,103.78714121072157
2021-03-25,103.8890678902762,102.18568599083358
2021-03-26,105.03724012358923,103.48681959330533
2021-03-30,107.07564406348384,105.89649113225386
2021-03-31,106.36746019137696,104.79509359284165
2021-04-01,107.46866571951728,106.05520996807793
2021-04-05,106.07713816178503,104.4177323157792
2021-04-06,106.31556422303221,104.74373149766384
2021-04-07,107.33945011329467,105.71066665254847
2021-04-08,107.4333569940956,106.10122199013807
2021-04-09,107.31740135478451,105.8233734663124
2021-04-12,103.51485569485055,102.08510043647682
2021-04-13,105.25998193903612,103.46898601624642
2021-04-15,105.92967699497373,104.01576627536828
2021-04-16,105.97170346333289,104.27541897760105
2021-04-19,104.29548534790666,102.43214463253916
2021-04-20,104.40629078068903,101.98238321236227
2021-04-22,104.89976536845887,102.76527724524738
2021-04-23,103.87492747810417,102.3030253548882
2021-04-26,104.60104078231161,103.32774547918824
2021-04-27,105.94299528221742,104.52651713583838
2021-04-28,106.98785392721105,106.03523775502018
2021-04-29,106.7254405913112,106.25174156025967
2021-04-30,105.03335840879991,104.36993693601315
2021-05-03,105.2287085132754,104.39169947301782
2021-05-04,103.9639189435492,103.40977993365914
2021-05-05,105.48781360536267,104.27541897760106
2021-05-06,105.83522486459442,105.03834079742845
2021-05-07,106.55394567869239,105.73991789866966
2021-05-10,107.58670338225663,106.59021727984452
2021-05-11,107.13673271036527,105.93679780290334
2021-05-12,106.12418016406136,104.83646609837005
2021-05-14,106.24827277327026,104.70306954872137
2021-05-17,107.12457887705027,106.45326098102512
2021-05-18,108.39615263127239,107.7725834388487
2021-05-19,107.76226533736312,107.21653807914547
2021-05-20,107.19051257829695,106.33127513419771
2021-05-21,109.01860518135581,108.25195138343979
2021-05-24,109.17931117389868,108.41174302038384
2021-05-25,109.27105742808708,108.48842740173703
2021-05-26,110.17203226581451,109.1518364683276
2021-05-27,110.36831103345385,109.41148917056036
2021-05-28,110.8233010876778,110.10914427809684
2021-05-31,111.51829273759743,111.15882444403829
2021-06-01,111.20989719145638,111.10211227574283
2021-06-02,110.82126287178485,111.11174658709923
2021-06-03,111.41508926423357,111.92602353586338
2021-06-04,111.22672287207968,111.78264436280634
2021-06-07,112.05420125992735,112.3633084183401
2021-06-08,112.39429881902234,112.28091171933524
2021-06-09,111.5194526240591,111.53368484056789
2021-06-10,112.11674460553041,112.2641509433963
2021-06-11,112.4778503889448,112.70356749563084
2021-06-14,112.63933304290627,112.79273538092527
2021-06-15,112.94021258208727,113.20219709669372
2021-06-16,112.36805940129615,112.47672578869002
2021-06-17,112.00562225345602,111.93351921122094
2021-06-18,111.89520904607352,111.8760895200985
2021-06-21,111.85620461202669,112.3265684631024
2021-06-22,112.05173923022001,112.51382102222071
2021-06-23,111.46356687587124,111.90177405080794
2021-06-24,112.49397699272933,112.64008414104585
2021-06-25,113.24501441518488,113.1387067758677
2021-06-28,112.77820225894874,112.81306983851707
2021-06-29,112.24041957447452,112.34048004645656
2021-06-30,112.128188273895,112.14823269251355
2021-07-01,111.87803445813226,111.85219531333604
2021-07-02,112.12729045852964,112.15322748733824
2021-07-05,112.87944863906979,112.95323757445527
2021-07-06,112.47427256338534,112.83839212469246
2021-07-07,112.85359872613225,113.27638756375514
2021-07-08,111.76417141225514,112.19388943628073
2021-07-09,111.43652797007604,111.92210154215867
2021-07-12,111.25662040820795,111.94207375521643
2021-07-13,112.23786954404093,112.79630209633709
2021-07-14,112.93755457846731,113.09305699834158
2021-07-15,113.62595358220636,113.5941805136963
2021-07-16,114.05788486125336,113.58847516228565
2021-07-19,113.20994404718877,112.36865849145784
2021-07-20,111.97080038949441,111.51050119039138
2021-07-22,113.70521230348403,112.87976463022092
2021-07-23,114.24277735366915,113.10803441657467
2021-07-26,113.81588055042015,112.88262078904677
2021-07-27,113.1791568396807,112.3262131848095
2021-07-28,113.46792609631383,112.06192096604501
2021-07-29,113.83737977312795,112.55448297116324
2021-07-30,114.77205423701658,112.44462534998408
2021-08-02,115.80478777269335,113.31562143328473
2021-08-03,117.64136510934662,115.06758925705331
2021-08-04,117.83927518520245,115.98102368076128
2021-08-05,118.83743820583786,116.23639911099635
2021-08-06,118.60777589291646,115.83407779229249
2021-08-09,118.88530573451074,115.97710168705655
2021-08-10,119.4955121652973,116.1329643640548
2021-08-11,119.01964187511633,116.14830402682186
2021-08-12,119.5871948516779,116.73431815547329
2021-08-13,121.37725205584583,117.9091886391199
2021-08-16,121.69361027409165,118.15137697506881
2021-08-17,121.5836761567372,118.5190969745338
2021-08-18,121.22944550792369,118.19274251435618
2021-08-20,120.06796055895704,117.3485037628849
2021-08-23,120.19325098607204,117.67627933623439
2021-08-24,121.07649174419498,118.59043128276932
2021-08-25,121.03502273392398,118.66212783553887
2021-08-26,120.70848760837187,118.67817805489187
2021-08-27,121.33455489496517,119.1653830206514
2021-08-30,123.12765334228331,120.77647951813688
2021-08-31,124.88730294569362,122.21135798230922
2021-09-01,124.07572316343142,121.81224810072418
2021-09-02,124.64092787829561,122.93861961425985
2021-09-03,125.02660319260299,123.57669942843397
2021-09-06,125.20439217074039,123.96333973855988
2021-09-07,125.05156564707566,123.85133651514082
2021-09-08,124.85274828946017,123.78999179655466
2021-09-09,125.16066775317404,123.90234333202565
2021-09-13,124.94353289722196,123.8028375450299
2021-09-14,125.3716694962121,123.97902771337887
2021-09-15,126.72271278347459,124.97377906873072
2021-09-16,127.90566530872444,125.75881870385575
2021-09-17,127.36058120578646,125.4424538333275
2021-09-20,126.48713023697768,124.09958548079337
2021-09-21,127.5830027746386,125.2773121232658
2021-09-22,127.77284069472115,125.16781674662066
2021-09-23,129.3342809087273,127.13877532367952
2021-09-24,130.1985169635179,127.35456160609205
2021-09-27,130.45420991083802,127.3681179111532
2021-09-28,129.3851180239624,126.60840752844464
2021-09-29,129.61988680472717,126.34233891821532
2021-09-30,128.85639552670824,125.67785705050478
2021-10-01,128.39387701313223,125.06367144309316
2021-10-04,130.09032162720985,126.1993080572102
2021-10-05,132.06362468926997,127.13414973962986
2021-10-06,129.68873782170905,125.87652031244436
2021-10-07,131.4401733375969,126.90622826532805
2021-10-08,131.59462440076746,127.65416570068133
2021-10-11,132.26018360170548,128.01618731497675
2021-10-12,132.89282229144806,128.34432513286026
2021-10-13,133.25037712490783,129.5555872596927
2021-10-14,135.34137338295457,130.81678340228996
2021-10-18,137.0491370289564,131.80476357135228
2021-10-19,135.52003866005307,131.3888789813462
2021-10-20,133.42113356712014,130.30352469504598
2021-10-21,132.6983275994745,129.6722160671614
2021-10-22,131.62611157398678,129.22138881210557
2021-10-25,131.2106391516935,129.29628983575287
2021-10-26,134.3241793057662,130.31637044352118
2021-10-27,133.66509546923834,129.90654648321873
2021-10-28,130.94037108483133,127.38345757392031
2021-10-29,130.20243591522032,126.059495599565
2021-11-01,132.03141674651016,127.89992075204206
2021-11-02,131.46833677466867,127.60958175803414
2021-11-03,131.91819469760148,127.18335926632676
2021-11-04,132.40342114266502,127.8082589524558
2021-11-08,135.04445420857635,128.89075707993024
2021-11-09,135.8602160333472,128.71740913792502
2021-11-10,135.17435176739525,128.52444426115503
2021-11-11,134.00886868335306,127.50008638138901
2021-11-12,136.11715692448539,129.13471484110295
2021-11-15,137.5375345628994,129.18250325462793
2021-11-16,137.26234118356754,128.39604250633104
2021-11-17,139.28983877792197,127.67878439651186
2021-11-18,136.37621491128854,126.72397746727549
2021-11-22,132.69062916683382,124.2397601829726
2021-11-23,134.0710694017776,124.85893361896791
2021-11-24,134.4869177273134,124.22906003673728
2021-11-25,136.072489723614,125.09362627955926
2021-11-26,131.93289010693485,121.45699767271832
2021-11-29,132.46642428610792,121.65316702036606
2021-11-30,133.3851528943927,121.14847678959957
2021-12-01,133.6793907719281,122.45889639137579
2021-12-02,135.55042938416136,124.13346927720524
2021-12-03,134.60292371618988,122.67146427042847
2021-12-06,132.24137223746396,120.6423654456612
2021-12-07,133.7227334169539,122.52879565395737
2021-12-08,135.50798539971444,124.61925312979287
2021-12-09,135.27835568230697,124.95523493508587
2021-12-10,135.220050985288,124.91565275350438
2021-12-13,136.0087402843743,123.89520990120207
2021-12-14,135.56692546740308,123.58597846149739
2021-12-15,134.16790502877714,122.84766837125949
2021-12-16,134.8643667228005,123.04027100349548
2021-12-17,131.961070099901,121.16274365124666
2021-12-20,128.80012585125073,118.5162408157079
2021-12-21,131.51988064969257,119.63369554071417
2021-12-22,132.18124409286082,120.95052408424594
2021-12-23,134.14797478751152,121.78620829172178
2021-12-24,134.01459266988775,121.29507436601645
2021-12-27,135.33397417967498,121.88358240895971
2021-12-28,136.12359082930013,122.93219674002225
2021-12-29,136.9612686958727,122.79202203784298
2021-12-30,137.6479069582144,122.72318164389927
2021-12-31,139.1393099822189,123.79392075650047
2022-01-03,139.9392426966589,125.73170609373341
2022-01-04,140.9955355379835,127.01251917109548
2022-01-05,139.7680759851036,127.86853086992205
2022-01-06,138.77913723408773,126.58915283821395
2022-01-07,138.17103843142777,127.06565765773814
2022-01-10,138.8197362974392,128.4253007186933
2022-01-11,139.355057527256,128.79944359239593
2022-01-12,140.52794207327202,129.91653607286815
2022-01-13,140.42471682211905,130.24075886328797
2022-01-14,140.1445977236975,130.22612975710686
2022-01-17,139.71213165053555,130.5995620742235
2022-01-18,137.42571046517327,129.20819475157842
2022-01-19,136.03722516641125,127.96233827174821
2022-01-20,135.46176412334626,126.668331133859
2022-01-21,132.3162700868073,125.6707236196813
2022-01-24,128.08084205998642,122.33191574972375
2022-01-25,128.33637622515536,123.25105552484234
2022-01-27,125.87721969201624,122.05407419213914
2022-01-28,125.34808183451028,121.99557169989674
2022-01-31,128.21019150631062,123.69261767931681
2022-02-01,129.92038497913785,125.38324078449925
2022-02-02,131.39651500561575,126.83240004280078
2022-02-03,129.61848428807963,125.26446637479066
2022-02-04,129.18945581583023,124.95131990762225
2022-02-07,127.08181525585553,122.79202203784303
2022-02-08,127.68824894181783,123.17116667261136
2022-02-09,129.26050978038273,124.57681478938562
2022-02-10,131.01039780588104,125.5901102783823
2022-02-11,128.03672092563886,123.94157720155523
2022-02-14,124.69240652931822,120.1469542479582
2022-02-15,128.69482212503777,123.78249612119714
2022-02-16,128.84902640443275,123.56670983878462
2022-02-17,128.75295461367224,123.44116424278648
2022-02-18,128.0282963631551,123.23929650996914
2022-02-21,127.82844831962265,122.74245026661215
2022-02-22,127.46108245642932,121.92602074936707
2022-02-23,127.62056701529387,121.719513500018
2022-02-24,121.72656348604353,115.90362874282214
2022-02-25,125.4283593936353,118.83154681759834
2022-02-28,127.58945799127208,119.79812669418999
2022-03-02,127.05744905910372,118.45739001141366
2022-03-03,127.75728808077642,117.68770397153779
2022-03-04,126.03118212047828,115.8850776429363
2022-03-07,124.18018689852862,113.15868595516656
2022-03-08,125.50750979388013,114.2308392146986
2022-03-09,127.52872135586513,116.59842072529176
2022-03-10,128.69350069254313,118.37857396030265
2022-03-11,128.8974081311647,118.63215906659077
2022-03-14,130.36800987842625,120.35025702642956
2022-03-15,128.88679702149116,118.8643578128903
2022-03-16,130.97242896731788,121.09248214413117
2022-03-17,131.55956000765673,123.31598089132238
2022-03-21,130.16276845289903,122.10721267878182
2022-03-22,131.71759985807475,123.51892142525969
2022-03-23,131.50015409296077,123.02065406873082
2022-03-24,131.64326500025413,122.857295716375
2022-03-25,130.67282833165302,122.35973891643208
2022-03-28,131.03241585738277,122.85194564325734
2022-03-29,132.14571322154174,123.58883462032335
2022-03-30,133.07625470651686,124.82255590826428
2022-03-31,132.46784122584944,124.5835859756752
2022-04-01,133.53714726790665,126.05092712308756
2022-04-04,134.9266469231171,128.78268281645703
2022-04-05,136.67190540843254,128.0978734573958
2022-04-06,136.85519521295475,127.02964219156851
2022-04-07,134.51988099912967,125.8305152566254
2022-04-08,135.27693682714116,126.86342768038688
2022-04-11,134.7270334873485,126.08302756179357
2022-04-12,132.70967532626528,125.05118793915206
2022-04-13,132.74840741478027,124.66134315814838
2022-04-18,131.9940964705403,122.50704704943489
2022-04-19,130.52563599174724,120.97335942237066
2022-04-20,131.8946749874229,122.24239955237746
2022-04-21,133.43490654399233,124.06890615525936
2022-04-22,131.79403824866296,122.49491185754562
2022-04-25,129.12923185328853,120.9398239380107
2022-04-26,131.95980148498415,122.70072248279082
2022-04-27,129.82556017469747,121.54225053054914
2022-04-28,130.99333810465404,123.01637679673311
2022-04-29,129.42132275076725,121.99986290437658
2022-05-02,128.5397779463245,121.76124128383942
2022-05-04,126.72773450514774,118.9685031164178
2022-05-05,126.68160387170238,119.00453251506957
2022-05-06,124.63364146626007,117.06851660306043
2022-05-09,124.07755870328417,116.28811648446715
2022-05-10,120.68721149096709,115.84727185281969
2022-05-11,120.18422048969997,115.32688668099318
2022-05-12,117.19567848274734,112.76527445875114
2022-05-13,118.18627207200021,112.58087805845867
2022-05-16,118.70656956483573,113.00994974275088
2022-05-17,123.10522720742432,115.98459039617315
2022-05-18,122.38463818360795,115.84905521052562
2022-05-19,118.667566964917,112.77526404840057
2022-05-20,121.97110679054123,116.03345857705914
2022-05-23,120.59877048226355,115.66644216793904
2022-05-24,119.62570625424857,115.02764483093794
2022-05-25,118.19482269074777,114.31893429887319
2022-05-26,118.88279890463997,115.34864921799792
2022-05-27,119.07208725563463,116.6490722638837
2022-05-30,122.08233022329881,118.85294711006911
2022-05-31,122.5750772659697,118.30474573777536
2022-06-01,120.98200094099614,117.86389413988685
2022-06-02,121.88798759583304,118.61468773406597
2022-06-03,121.55569959352559,118.30296238006946
2022-06-06,121.59137861819802,118.19774427542202
2022-06-07,121.12444595046277,117.1048943137642
2022-06-08,120.64464865318487,116.676177907765
2022-06-09,121.29627052882671,117.54538366711871
2022-06-10,120.47728445075029,115.57441812381877
2022-06-13,116.90652584969732,112.52559396957615
2022-06-14,117.14724006928647,112.22384427274696
2022-06-15,116.99432140964159,111.93886928433878
2022-06-16,113.01624708299445,109.57377472179641
2022-06-17,110.86519402480971,109.09512430003232
2022-06-20,110.01333038009061,109.4992359426831
2022-06-21,113.32027199341812,111.5582965701575
2022-06-22,110.73612259987148,109.94970791944594
2022-06-23,111.95329506079301,110.9722894077471
2022-06-24,113.11378798976239,111.98951385668958
2022-06-27,114.61146744473821,112.93683207680942
2022-06-28,115.54759272354006,113.06630663275334
2022-06-29,116.4380784361581,112.70178413792509
2022-06-30,115.29354189169133,112.5673217533975
2022-07-01,114.35286457816571,112.36615761092506
2022-07-04,114.93180482064663,112.96037100527894
2022-07-05,114.52622334912266,112.78560195010185
2022-07-06,115.87055066425394,114.06213078922517
2022-07-07,117.03334941446481,115.08292891982043
2022-07-08,117.53445689549883,115.70852523005335
2022-07-11,119.33550265446648,115.67571423476141
2022-07-12,118.60618616427267,114.55077080063865
2022-07-13,118.60154198739507,113.89699604540449
2022-07-14,119.09530955114352,113.69725998234497
2022-07-15,121.02532257199299,114.48585936664072
2022-07-18,121.90947882515522,116.1215536612336
2022-07-19,122.84591525408788,116.56418165058695
2022-07-20,122.97718602218022,117.85033783482564
2022-07-21,124.39331200911012,118.45240218283007
2022-07-22,124.57097832887767,119.26703440988717
2022-07-25,123.80942423713938,118.6360880265366
2022-07-26,123.16398623899013,117.58640089435413
2022-07-27,123.72412775875542,118.71313465242382
2022-07-28,123.99350421240213,120.76612768395358
2022-07-29,125.7708729779403,122.39718942825574
2022-08-01,128.81085622152935,123.6940527249708
2022-08-02,130.00602151888742,123.73256210543235
2022-08-03,129.62260090774805,124.03716796108736
2022-08-04,129.3561009969326,123.9932945750261
2022-08-05,128.2213081653842,124.1038627527912
2022-08-08,130.68857142232366,125.01408573938033
2022-08-10,131.3713020411092,125.08292613332405
2022-08-11,131.13930715205936,125.96925491315072
2022-08-12,132.35589013129453,126.2485315163893
2022-08-16,134.73197016228625,127.15518778756669
2022-08-17,134.9970938498447,128.0040660555697
2022-08-18,135.54659085420732,128.09145058315826
2022-08-19,133.94522347886536,126.67866903556042
2022-08-22,133.11357445960374,124.76869293255368
2022-08-23,135.3050196638825,125.38788030103105
2022-08-24,135.56149649050994,125.58368740414481
2022-08-25,135.2575104739476,124.99517936120155
2022-08-26,136.2311294877881,125.25520127420937
2022-08-29,136.01795668000753,123.50037729161494
2022-08-30,138.34062616768625,126.6847435977461
2022-09-01,138.17020608011254,125.14035582444653
2022-09-02,138.78291263644573,125.11644768520196
2022-09-05,139.4717011403176,126.01776781574377
2022-09-06,139.92317462089494,125.94499846185425
2022-09-07,139.6302924383744,125.72244099315218
2022-09-08,140.07498107612892,126.9661518707425
2022-09-09,140.24746568297468,127.21296579074108
2022-09-12,140.81090502850452,127.94770916556722
2022-09-13,141.3568459869637,128.90145722616572
2022-09-14,141.81923462723762,128.42850518957124
2022-09-15,142.97595950589385,127.52719899151153
2022-09-16,140.79297282936977,125.05510296661583
2022-09-19,141.81349776713623,125.70710133038514
2022-09-20,142.97337371581241,127.09098691015474
2022-09-21,141.8040331784155,126.39262124603235
2022-09-22,142.59623522285463,125.76096430609583
2022-09-23,140.28088610965685,123.6034497940225
2022-09-26,135.03657458247454,121.38460449584507
2022-09-27,134.92756804585275,121.321114175019
2022-09-28,133.99769046756973,120.25965409548125
2022-09-29,134.04699212063434,119.9707501471273
2022-09-30,135.21985402815628,121.94136041213426
2022-10-03,131.38925445688452,120.46474023165845
2022-10-04,134.09554464784844,123.22502964832216
2022-10-06,134.74601438848103,123.63520192067654
2022-10-07,134.63128107137018,123.51286079555616
2022-10-10,134.1715543643294,122.98748082890496
2022-10-11,131.99865102843214,121.15098463637366
2022-10-12,133.06766840696093,122.15001326372324
2022-10-13,132.46140636382637,121.37068594624989
2022-10-14,132.6577577095328,122.59299653136955
2022-10-17,133.67947867996818,123.49253330420544
2022-10-18,136.05382072129066,124.74194256696536
2022-10-19,135.90148125094748,124.92242393979413
2022-10-20,137.28206072847084,125.29121674037907
2022-10-21,136.9262131804443,125.37932575703563
2022-10-24,137.88383098466156,126.4810785747408
2022-10-25,138.00101595296854,125.95034853497191
2022-10-27,138.71496366514177,126.52530027285398
2022-10-28,139.55612499785227,126.88091294539386
2022-10-31,141.03024184552723,128.4887771070374
2022-11-01,142.96522081605755,129.43895845222414
2022-11-02,141.93589954101046,128.99275678121796
2022-11-03,141.97128048436477,128.77768105539138
2022-11-04,142.49059083906533,129.23743903145873
2022-11-07,143.90525909898267,129.84842016799257
2022-11-09,143.20750500090801,129.52170346328097
2022-11-10,141.85924583668873,128.6029120002143
2022-11-11,141.1067031016418,130.8963100099871
2022-11-14,140.07651944150376,130.7497263660523
2022-11-15,140.61566507342937,131.27938360470122
2022-11-16,140.26621302318952,131.32396754734845
2022-11-17,139.77813101685038,130.85494447069973
2022-11-18,138.3766051618207,130.5963576033459
2022-11-21,137.71765843903603,129.54274151121763
2022-11-22,138.51357840016348,130.14373305810213
2022-11-23,138.23516368710096,130.3081642115779
2022-11-24,139.23097743873458,131.8550458991693
2022-11-25,139.15333244628226,132.05942147876058
2022-11-28,139.36560016418855,132.41609301993827
2022-11-29,140.05520690232362,132.81057731747367
2022-11-30,141.45647322410215,133.81138930252914
2022-12-01,140.5559287709168,134.19766736812105
2022-12-02,139.17572048588158,133.36733323376285
2022-12-05,139.633093588866,133.4026520758287
2022-12-06,139.65696576308872,132.98676748582264
2022-12-07,139.44067792550808,132.40004280058525
2022-12-08,139.74024232354597,132.74850810981948
2022-12-09,140.0687806236621,131.9442137844637
2022-12-12,140.05005656162126,131.9481427444095
2022-12-13,140.4610966394751,132.7388807647041
2022-12-14,140.45883283086965,133.11196476976886
2022-12-15,138.99872446199478,131.36141805917214
2022-12-16,137.27804316317693,130.32064771551913
2022-12-19,139.69733857413377,131.40100024075363
2022-12-20,139.19997482632635,131.15027129329135
2022-12-21,136.93494176551644,129.82201811445623
2022-12-22,135.6214227995647,129.3101944528662
2022-12-23,132.8949519375355,127.02358156186502
2022-12-26,134.64476277695354,128.50590012751042
2022-12-27,135.0043048668044,129.34551329493203
2022-12-28,135.53862717040334,129.27560009986837
2022-12-29,136.0384554862639,129.76424011128188
2022-12-30,135.30460307249965,129.1529106626961
2023-01-02,135.5711796835053,129.81024516710096
2023-01-03,135.88203612150977,130.0606397349934
2023-01-04,134.07892174000438,128.70813010486177
2023-01-05,133.30711904449106,128.34576017851444
2023-01-06,131.6635297778199,127.3991455487395
2023-01-09,132.27348134921968,129.12365245033385
2023-01-10,130.80748483737693,127.78935257427719
2023-01-11,130.500381314175,127.65773241609337
2023-01-12,130.62053652251544,127.39022876021006
2023-01-13,131.27111831857962,128.09216113974423
2023-01-16,130.03628855203743,127.65167178638974
2023-01-17,130.35045192088407,128.78197225987122
2023-01-18,131.18798148352886,129.58126482416125
2023-01-19,130.70455754293462,129.17109255180688
2023-01-20,130.08812451986176,128.59899697275063
2023-01-23,129.96641339692914,129.24742862110816
2023-01-24,128.83372723099754,129.24564526340228
2023-01-25,127.04057047357796,127.63098205050503
2023-01-27,122.60000121944108,125.57941013214713
2023-01-30,123.25692622106955,125.89755836038125
2023-01-31,124.48838624395684,125.99172800674141
2023-02-01,119.67684702247755,125.66466298997784
2023-02-02,116.51510500445835,125.62257296162247
2023-02-03,119.06772068655982,127.36063616827795
2023-02-06,118.52996484877444,126.72254242162172
2023-02-07,120.34634179259515,126.41509433962295
2023-02-08,123.38685067575469,127.486530076328
2023-02-09,122.2343014638837,127.64168219674032
2023-02-10,121.50015344032178,127.37810750080281
2023-02-13,120.48138185584492,126.76748860880296
2023-02-14,121.01063354953082,127.9013418652141
2023-02-15,121.75522039791444,128.51481691603982
2023-02-16,122.01592833756906,128.65748553251092
2023-02-17,121.33862615658865,128.0037038110357
2023-02-20,119.89472637157908,127.2932168875061
2023-02-21,119.07832739082771,127.16552568926807
2023-02-22,115.7865309521666,125.22239027891744
2023-02-23,115.61885051816229,124.91529050897059
2023-02-24,114.95605784809132,124.59108165103285
2023-02-27,114.0827924050525,124.06961671184536
2023-02-28,114.84598880827012,123.43652472625489
2023-03-01,117.75453117747827,124.48479074526549
2023-03-02,117.85815148283956,123.56457816902693
2023-03-03,121.33450835615821,125.50807582391155
2023-03-06,122.28318761951665,126.34339778685337
2023-03-08,122.95724586976056,126.6497870002143
2023-03-09,121.99061468616483,125.47419202749967
2023-03-10,120.51718443273244,124.2137203739704
2023-03-13,118.34712496331012,122.3690179494956
2023-03-14,117.40299478354638,121.57720712808104
2023-03-15,118.12669708924889,121.06966073848872
2023-03-16,118.54408881468804,121.16559981007269
2023-03-17,119.85291559870268,121.98202932731776
2023-03-20,118.22582069526352,121.18557898937148
2023-03-21,119.5930662125025,122.0351678139604
2023-03-22,119.62181124923113,122.35189492902263
2023-03-23,119.1866019719814,121.81688761725604
2023-03-24,117.1577076135012,120.87634754966679
2023-03-27,117.21810317611491,121.16631036665862
2023-03-28,116.08232505476866,120.92377371865774
2023-03-29,118.44382315807762,121.84398629489628
2023-03-31,119.76010145817258,123.83457573920202
2023-04-03,120.58156559609847,124.107791712737
2023-04-05,121.75515913669322,125.2420072136822
2023-04-06,121.42795596852652,125.54232186485743
2023-04-10,122.63160768378359,125.71994707886036
2023-04-11,123.49378351276411,126.42080665727462
2023-04-12,123.30383185251696,127.06352598798047
2023-04-13,123.26772482611767,127.17480472233152
2023-04-17,122.83545608428291,126.31058679156146
2023-04-18,122.3244921587111,125.9774611450943
2023-04-19,122.04903129989553,125.68213432250272
2023-04-20,122.37681655227917,125.72278930520415
2023-04-21,122.47426853632203,125.7199470788604
2023-04-24,123.34414959583131,126.57131926115521
2023-04-25,123.41762601897142,126.75571566144768
2023-04-26,124.06260291001932,127.0720805319759
2023-04-27,124.64492433852493,127.79577544851475
2023-04-28,125.34226494206452,128.86542782751394
2023-05-02,126.46185487172536,129.45500867157713
2023-05-03,125.91756168476435,129.04269079698284
2023-05-04,126.24917410494433,130.226492001641
2023-05-05,125.73320035389624,128.89396155080814
2023-05-08,127.50764661188559,130.28783672022715
2023-05-09,127.29550530837761,130.2988851785144
2023-05-10,127.91300606518489,130.64949608998853
2023-05-11,127.67880709805871,130.5203837785786
2023-05-12,126.9334687575641,130.6473644202307
2023-05-15,127.81073099855841,131.24692092146122
2023-05-16,127.41244569042671,130.44548275493128
2023-05-17,126.90122939484655,129.69825587616396
2023-05-18,126.11052196940481,129.328738586511
2023-05-19,126.13468216136246,129.8526974399903
2023-05-22,126.89934765345254,130.64450826140487
2023-05-23,126.50411820688406,130.8841887505799
2023-05-24,126.76890005367756,130.4376387675218
2023-05-25,127.51535976057636,130.69265891946387
2023-05-26,127.94437628597976,131.96383071922847
2023-05-29,128.0011247007546,132.67218597300027
2023-05-30,128.5411078749649,132.92327716499653
2023-05-31,127.25321062357199,132.21386304258687
2023-06-01,127.13799403609735,131.88108570817164
2023-06-02,127.72097618527255,132.21171744034697
2023-06-05,128.41567189671963,132.63793993205437
2023-06-06,128.96765132872883,132.6746798872921
2023-06-07,129.99875330604615,133.58348176070936
2023-06-08,130.52420326846064,132.92827892606226
2023-06-09,130.51430729236307,132.42073253646996
2023-06-12,130.8535767914828,132.69251346435098
2023-06-13,131.41500383090067,133.51036409476794
2023-06-14,131.9284650418227,133.79391797000423
2023-06-15,131.87228307729563,133.3102657871744
2023-06-16,132.16445690076904,134.29396868423896
2023-06-19,131.34454129687032,133.79069956664435
2023-06-20,132.44218633638064,134.22762220458708
2023-06-21,133.18835048925166,134.5140322386492
2023-06-22,132.52746448508609,133.90341334664936
2023-06-23,131.90479632554397,133.14905303705845
2023-06-26,131.74461480762395,133.33237663623098
2023-06-27,132.4891708691726,134.23262396565278
2023-06-28,133.68523727325615,135.33616014106386
2023-06-30,135.3910167219649,136.88376631772329
2023-07-03,134.8952812383428,137.8360793326678
2023-07-04,134.7473744225975,138.31009023790017
2023-07-05,136.96406331602458,138.37785783072394
2023-07-06,138.44435599794585,139.082646369084
2023-07-07,137.24081635900058,137.9020635677857
2023-07-10,136.46562350331183,138.07397646413696
2023-07-11,138.14461875410666,138.66961793790375
2023-07-12,137.76373847843848,138.27656868602233
2023-07-13,136.5305313329948,138.48664265078315
2023-07-14,135.76145896212094,139.56200734743402
2023-07-17,136.38415614835836,140.61025943396254
2023-07-18,135.6952746151081,140.87990869208573
2023-07-19,136.6997491886449,141.4784063246784
2023-07-20,137.88861576437574,142.51988722491734
2023-07-21,137.2945479185222,140.84959161108563
2023-07-24,137.3821064219426,140.33134507525799
2023-07-25,137.39874852750063,140.3901958795523
2023-07-26,137.48695550415502,141.08714043050284
2023-07-27,137.2688367635641,140.24253943449756
2023-07-28,138.36910013451524,140.14374420408774
2023-07-31,139.28071276697452,140.91237137532576
2023-08-01,137.34043372602048,140.7679194011488
2023-08-02,135.91197489680832,139.29129922067298
2023-08-03,134.31066939109064,138.2576623078435
2023-08-04,133.72982948463448,139.22316938331522
2023-08-07,134.66826178689513,139.79598945143948
2023-08-08,134.36983989875867,139.60730184666724
2023-08-09,135.9277934627032,140.04744288796982
2023-08-10,135.93027324037737,139.4093491413136
2023-08-11,135.30728792163998,138.5904396422588
2023-08-14,135.49045003705314,138.635023584906
2023-08-16,136.12647651826853,138.8522309804904
2023-08-17,136.31198495224567,138.14067125584083
2023-08-18,135.86671754181762,137.74762200395938
2023-08-21,137.2799294459932,138.3429012331922
2023-08-22,138.4341142635957,138.3632287245429
2023-08-23,139.14323094287093,138.70242893319576
2023-08-24,138.25333101560335,138.29367777401325
2023-08-25,136.39763548611575,137.43125713343116
2023-08-28,136.8464499349447,137.71837772407923
2023-08-29,137.78787379258753,137.97945850572492
2023-08-30,137.97467514084204,138.01369061418876
2023-08-31,137.87614978892597,137.34565596354852
2023-09-01,138.95943908883734,138.6403736580237
2023-09-04,138.92602388805358,139.30734944002603
2023-09-05,139.7816137611153,139.6361978144955
2023-09-06,139.88758399565168,139.8940741252634
2023-09-07,140.77953372186408,140.72155210079572
2023-09-08,141.45596898762608,141.38423667831827
2023-09-11,143.24730959561253,142.64257666208974
2023-09-12,142.25360955366457,142.6201035684991
2023-09-13,141.98889292295138,143.16795662874094
2023-09-14,142.20832086803233,143.40407040250415
2023-09-15,142.69924712251938,144.0407291035064
2023-09-18,143.70132955766934,143.61950837286474
2023-09-20,142.90693207130118,141.96526297838602
2023-09-21,141.97952792666192,140.8306852329068
2023-09-22,140.654423668866,140.34490138031913
2023-09-25,141.59880826939334,140.34704698255905
2023-09-26,142.066319518838,140.27677154296137
2023-09-27,142.13999779229977,140.64592658808033
2023-09-28,140.47656812879535,139.2698989282023
2023-09-29,141.76744238807987,140.0884601152052
2023-10-03,142.02267338370018,139.30698719549198
2023-10-04,139.19730870220852,138.64607204319324
2023-10-05,140.62227978732963,139.4282555194924
2023-10-06,141.4155398302899,140.19688269073043
2023-10-09,140.32589935705712,139.18999614348928
2023-10-10,142.7276149305342,140.45618011467022
2023-10-11,143.64424838734735,141.32289195973212
2023-10-12,143.91126527066064,141.19912972143987
2023-10-13,144.75244178276665,140.89275444056102
2023-10-16,145.22158621306954,140.7550736526736
2023-10-17,145.90689807384268,141.32396476085208
2023-10-18,144.79480509755757,140.32242828672858
2023-10-19,145.49934251232162,139.99143431001923
2023-10-20,144.77580926738383,139.40614467043585
2023-10-23,142.42580602587486,137.54502978207404
2023-10-25,140.87383441097842,136.40653700913114
2023-10-26,139.02808382147055,134.5168883974751
2023-10-27,142.63013671310568,135.87224025395048
2023-10-30,142.11534270870172,136.54028883707278
2023-10-31,142.12357059380375,136.10300395459606
2023-11-01,141.61608488807354,135.45779070959838
2023-11-02,143.19443539113632,136.4857153047762
2023-11-03,145.49488329461158,137.1801520089528
2023-11-06,147.74602432725476,138.47237578913615
2023-11-07,148.68818885421868,138.43634639048437
2023-11-08,149.5209894232639,138.698862217784
2023-11-09,149.32644357208576,138.35503642508152
2023-11-10,149.90509321176728,138.5693876618401
2023-11-13,152.4868043157915,138.69922446231803
2023-11-15,153.39148046515942,140.3534559243147
2023-11-16,154.0655429331729,140.9936813407287
2023-11-17,154.54551430200394,140.75543589720763
2023-11-20,153.56634567135362,140.4857866390844
2023-11-21,153.5624126054407,141.12351814120663
2023-11-22,153.5883718458333,141.3264586751439
2023-11-23,153.33731503696671,141.2561971680283
2023-11-24,153.03979614439848,141.20411755002354
2023-11-28,155.05600665071208,141.88179347826122
2023-11-29,156.26197617733075,143.35770310215108
2023-11-30,158.17181880301163,143.61843557174484
2023-12-01,159.379901912681,144.57966537521884
2023-12-04,163.0375273043531,147.5678623337023
2023-12-05,163.3955060829378,148.7684103818173
2023-12-06,164.26062119493764,149.3576289813465
2023-12-07,164.73649076383802,149.09691044423482
2023-12-08,164.02343300841554,149.58376709794243
2023-12-11,165.00164509440165,149.78135755876207
2023-12-12,163.82773596870928,149.1343609560585
2023-12-13,165.88327310586848,149.2766673279956
2023-12-14,168.60058184684797,151.10531953311738
2023-12-15,169.91952775686067,153.05953126671943
2023-12-18,171.06039407944698,152.78846089542435
2023-12-19,172.8709818914781,153.03420201430296
2023-12-20,167.9648416044818,150.8731347192999
2023-12-21,168.76411371472042,151.6214343991872
2023-12-22,170.9418396497937,152.29447081089316
2023-12-26,171.42756940303778,152.9503842021262
2023-12-27,173.27290606004564,154.47266112636916
2023-12-28,174.43468422902865,155.35684430395594
2023-12-29,175.55401857879028,155.01944138549104
2024-01-01,175.4120255807654,155.09434240913836
2024-01-02,175.56099058621948,154.55149110996226
2024-01-03,175.84469699293578,153.49252494471634
2024-01-04,177.88592386688904,154.50012204854343
2024-01-05,177.8719845152442,154.87249549702221
2024-01-08,177.20853907733337,153.4614973071303
2024-01-09,179.03112079514224,153.6886942923641
2024-01-10,178.74836884798654,154.21549537218718
2024-01-11,179.06504997683635,154.4187981506585
2024-01-12,180.64011450208432,156.18326341085037
2024-01-15,181.89251230695334,157.63062537896394
2024-01-16,181.43854199334874,157.16589350679502
2024-01-17,179.32195446662362,153.88200748118598
2024-01-18,179.4940149655029,153.09947569283486
2024-01-19,182.29080268276337,154.24189742572355
2024-01-23,178.91886954975752,151.50551614830442
2024-01-24,182.07484948189577,153.04026264400653
2024-01-25,183.71550309284092,152.3172922165357
2024-01-29,188.62616068187336,155.0636630836042
2024-01-30,185.690915999931,153.5264087411282
2024-01-31,187.17497017853984,154.9787724703075
2024-02-01,185.9792209424913,154.77725304954205
2024-02-02,188.76589661510087,155.8925761047905
2024-02-05,190.55615485878562,155.30691028819098
2024-02-06,193.08534150116895,156.43186068855482
2024-02-07,196.70926050045293,156.4397046759643
2024-02-08,198.65373457177057,154.92348838142493
2024-02-09,197.0155509323124,155.38395691407823
2024-02-12,193.9255833204822,154.19660292649039
2024-02-13,193.65525310762408,155.10396975425368
2024-02-14,196.455105581495,155.7944914309666
2024-02-15,198.98419708876744,156.29881941719907
2024-02-16,201.2470939882991,157.22580317972714
2024-02-19,200.84216809645326,157.80754003638086
2024-02-20,200.6321351467228,158.34040174590754
2024-02-21,197.78394009124554,157.3281790580308
2024-02-22,201.44041825372165,158.4866370777904
2024-02-23,201.88001906649626,158.45275328137853
2024-02-26,201.23965878646158,157.80611892320897
2024-02-27,202.98392020466287,158.35039133555696
2024-02-28,200.88627920328705,156.5870128089671
2024-02-29,200.0030210327043,156.81278868102905
2024-03-01,203.68274801122323,159.35192780968046
2024-03-04,206.67922625163524,159.82879487373867
2024-03-05,208.3604904629895,159.47712509362668
2024-03-06,209.1627799223536,160.31708657310026
2024-03-07,211.50442538121314,160.45618847415957
2024-03-11,209.5012432562636,159.3084166681532
2024-03-12,207.05254083521666,159.33016527267577
2024-03-13,198.4311995420663,156.91906565431432
2024-03-14,201.85571534632004,157.98159853497205
2024-03-15,198.8926225486048,157.10204094143492
2024-03-18,200.97276449577836,157.33280464208048
2024-03-19,198.8210551308346,155.63326474836862
2024-03-20,198.94613279232954,155.78770631219498
2024-03-21,203.09309349241337,157.02071704354995
2024-03-22,204.9305531415668,157.62563755038022
2024-03-26,206.1555895461038,156.96899967007917
2024-03-27,206.23586776324157,157.81752962603025
2024-03-28,208.70903074741355,159.26739944091773
2024-04-01,209.3857511543425,160.23112315868354
2024-04-02,210.60857508756965,160.16906788351147
2024-04-03,209.91816091697353,160.03602661215575
2024-04-04,210.42281090447952,160.60670107804012
2024-04-05,209.68305815074353,160.5999159592685
2024-04-08,210.52148403504847,161.68848864892854
2024-04-09,210.2416583736066,161.520490780041
2024-04-10,213.7460368163321,162.31266384598956
2024-04-12,211.49159831297587,160.64058487445197
2024-04-15,209.95089971869692,158.87933801761994
2024-04-16,209.38602753782317,157.99051532350143
2024-04-18,208.7491324815503,156.90587159378714
2024-04-19,209.34736366447206,157.9840924492638
2024-04-22,212.07998016822287,159.33516703374147
2024-04-23,211.41791752831392,159.56058066126937
2024-04-24,211.72085321281298,159.80597346809606
2024-04-25,214.25387713461467,161.00402760191926
2024-04-26,215.5375265088857,159.93115681956021
2024-04-29,215.78426768057884,161.52513029657274
2024-04-30,216.73201961013825,161.25013096533186
2024-05-02,219.92033515590026,161.55936240503655
2024-05-03,219.13633765300133,160.32991838909334
2024-05-06,217.62304866735747,160.09344237079608
2024-05-07,214.29769541288857,159.09334094232653
2024-05-08,216.70621251782052,159.09334094232653
2024-05-09,213.66993312993307,156.63230730820018
2024-05-10,216.835278205504,157.32923792666864
2024-05-13,214.7797843907115,157.67771716838496
2024-05-14,216.3684563942454,158.48949323661625
2024-05-15,218.10028246538204,158.366093242858
2024-05-16,219.63232408546082,159.8163113697974
2024-05-17,219.99735050256822,160.2603674385637
2024-05-21,221.5976092410273,160.7094252683957
2024-05-22,221.42110137282023,161.19984863751506
2024-05-23,223.87406269456562,163.8381452411103
2024-05-24,222.51214039020869,163.762881972929
2024-05-27,221.64325080616882,163.58704011663195
2024-05-28,219.23152317811068,163.27103749063775
2024-05-29,219.13485018536332,161.9624012465674
2024-05-30,217.42565489880946,160.42123187662767
2024-05-31,218.22439789948626,160.72118428326888
2024-06-03,225.07170205938914,165.95142412258838
2024-06-04,208.05662115599236,156.11156685808072
2024-06-05,219.14096432667986,161.36069914309695
2024-06-06,220.39351929930942,162.79488098316546
2024-06-07,224.81521890995313,166.1386766817067
2024-06-10,225.74634099647497,165.91788863822842
2024-06-11,226.64668148538362,165.95819530887792
2024-06-12,227.43934540939637,166.37264485323
2024-06-13,228.16075082997,166.91443728376825
2024-06-14,230.09783573584042,167.3902315467065
2024-06-18,231.23254042815486,168.0486527847134
2024-06-19,229.63170745581027,167.74975924671003
2024-06-20,229.20084857669423,168.1135642187113
2024-06-21,228.96487368099588,167.64346834094263
2024-06-24,230.20310630113082,167.90562192370825
2024-06-25,229.19278069825987,169.2142581677786
2024-06-26,229.36270995093682,170.2664392142529
2024-06-27,230.23179209693637,171.51977743695858
2024-06-28,231.92773871412254,171.27795134554367
2024-07-01,233.1772907857008,172.21492469772116
2024-07-02,231.71973550128382,172.08581238631123
2024-07-03,232.82291405171526,173.2460676962588
2024-07-04,234.15301830260535,173.35770867514384
2024-07-05,235.94194333982867,173.51249855102213
2024-07-08,235.50657156404156,173.48896658879366
2024-07-09,237.31943534944142,174.2925364250814
2024-07-10,235.35621628370993,173.51677582301983
2024-07-11,235.960048627036,173.45614166101961
2024-07-12,236.78780951077437,174.78439483985474
2024-07-15,239.6702754151578,175.38751805649704
2024-07-16,238.27100165528736,175.57513286014935
2024-07-18,237.23558169102287,176.91514505385769
2024-07-19,231.70762658870277,174.98948097603196
2024-07-22,234.42403380345914,174.8350394122056
2024-07-23,232.47274809170372,174.61961537432705
2024-07-24,233.46677384247752,174.15201341085023
2024-07-25,234.7439622734912,174.0992232362595
2024-07-26,241.9736693917098,177.15768170185854
2024-07-29,243.53535350898372,177.16659849038797
2024-07-30,244.7999142076422,177.31783558333657
2024-07-31,246.26851171697015,177.9873052796308
2024-08-01,246.58281897808362,178.41352777133815
2024-08-02,245.033308751232,176.3219974943827
2024-08-05,236.97296781448847,171.59895573260363
2024-08-06,234.17095355307285,171.14920127866776
2024-08-07,241.22224605870366,173.3245354353179
2024-08-08,240.80232706483415,172.0369511716663
2024-08-09,246.8127058714226,173.82387559296671
2024-08-12,246.08368232779037,173.67764026108387
2024-08-13,243.31889863784068,172.1938866497845
2024-08-14,244.21559816655096,172.22777044619636
2024-08-16,249.57945618086933,175.06259864197338
2024-08-19,249.20323585032676,175.28730171291534
2024-08-20,250.58605876421754,176.1875351098551
2024-08-21,250.5119636951355,176.6965026126193
2024-08-22,251.58369284657397,176.99111887862495
2024-08-23,255.55333507183363,177.07422613421576
2024-08-26,256.37082874729833,178.41138216909823
2024-08-27,255.67734855895375,178.46238898598307
2024-08-28,258.03931075332065,178.7092029059816
2024-08-29,258.04284224103566,179.41968982951127
2024-08-30,259.60662566159806,180.0185497066379
2024-09-02,258.12758759157185,180.3238521863968
2024-09-03,258.0499453728575,180.3320584183403
2024-09-04,257.10978217675495,179.75317772051244
2024-09-05,256.7074097370095,179.37082861486635
2024-09-06,255.04083172157812,177.28109562809885
2024-09-09,255.90101447471977,177.88208717498333
2024-09-10,257.5208952530177,178.6289518092167
2024-09-11,257.79850224319824,177.7540337322113
2024-09-12,264.2443442975143,181.10996462264183
2024-09-13,262.5170038057581,180.87883867746223
2024-09-16,263.81294874240245,181.07322466740408
2024-09-17,263.71669995723784,181.3214736330566
2024-09-18,264.0694663197135,181.02900296929087
2024-09-19,263.2084228656407,181.30185669829183
2024-09-20,268.3894150161266,183.9779521257627
2024-09-23,273.29126376630006,185.03442437671677
2024-09-24,273.77088587123654,185.04405172183218
2024-09-25,273.57238604912084,185.4988079368338
2024-09-26,278.0420049306943,187.01038471484142
2024-09-27,276.8010026587268,186.7457232853019
2024-09-30,270.90002042897447,184.11991018564785
2024-10-01,270.8111909135433,184.0204043986521
2024-10-03,265.4948546579426,180.1198388513396
2024-10-04,262.5686523028078,178.4399158923925
2024-10-07,262.31306806938267,176.878767343154
2024-10-08,267.4123887760528,178.42957799069117
2024-10-09,267.4804866636528,178.20700658950702
2024-10-10,265.75758038591846,178.32470819809566
2024-10-11,266.8903849118739,178.0807504369229
2024-10-14,268.93344059818855,179.24848748974597
2024-10-15,267.90069883532965,178.74487006009943
2024-10-16,264.9209522252995,178.1310466972218
2024-10-17,258.1497564858359,176.55134008185638
2024-10-18,257.01194013324533,177.29465193316003
2024-10-21,257.7299110767549,176.77425979509246
2024-10-22,254.2091213837298,174.5700296706141
2024-10-23,253.76646873091372,174.30894888896842
2024-10-24,250.51814985441436,174.0514348227345
2024-10-25,247.87559527962839,172.4920696312019
2024-10-28,250.38464778997306,173.62164561561536
2024-10-29,250.31045290988715,174.53257915879044
2024-10-30,248.0443380961151,173.63376687502253
2024-10-31,245.47185933110512,172.66718699843088
2024-11-01,247.8425601326979,173.37339664996279
2024-11-04,245.46936072619943,171.16916652548443
2024-11-05,245.71970607194913,172.7239061329674
2024-11-06,249.35798516581752,174.6552825284448
2024-11-07,244.99570786528037,172.62438641348953
2024-11-08,244.07436836681458,172.2595086403683
2024-11-11,245.41909766990923,172.21029911367143
2024-11-12,243.65572234111804,170.3709328298322
2024-11-13,240.39550884936372,168.05685901665674
2024-11-14,241.63836722538505,167.86888196847042
2024-11-18,241.21588638291834,167.30606542247762
2024-11-19,242.83223387470395,167.76759282376878
2024-11-21,241.06448549661854,166.5648991734139
2024-11-22,246.19140025450483,170.54071405642566
2024-11-25,248.88674616243836,172.7852508515535
2024-11-26,248.8748723040987,172.58979206049173
2024-11-27,250.0379664480168,173.16332268520193
2024-11-28,246.60175195432677,170.58993751560462
2024-11-29,248.2669463964692,172.13752975978196
2024-12-02,250.1873483736365,173.17152891714545
2024-12-03,250.48696511146778,174.46339045279475
2024-12-04,249.08339690854734,174.53685643078813
2024-12-05,252.36872539756052,176.25566494721286
2024-12-06,253.24045766002223,176.0373847505085
2024-12-09,250.74940983333005,175.61793344509064
2024-12-10,250.92305960939512,175.55409481221267
2024-12-11,252.3609073908984,175.7805812408605
2024-12-12,250.9870243374573,175.1164476852019
2024-12-13,253.21495757013878,176.68296024004016
2024-12-16,252.77614961343696,175.96925491315068
2024-12-17,249.5291236377605,173.59917252202465
2024-12-18,249.47802734050543,172.62081969807772
2024-12-19,248.47726940919844,170.8577894835398
2024-12-20,243.7838616110096,168.25979955059404
2024-12-23,244.3101862839718,169.44358682277007
2024-12-24,244.95497969469042,169.25955266701163
2024-12-26,246.2091529259071,169.42040317259352
2024-12-27,247.42529712837583,169.87124436013144
2024-12-30,246.72270321610864,168.66926126636247
2024-12-31,246.47590535319293,168.66855070977653
2025-01-01,246.28987549007442,169.36833748707082
2025-01-02,250.80191818810673,172.54806427667032
2025-01-03,247.4318239449103,171.2362235617222
2025-01-06,244.40054062865082,168.46346457359937
2025-01-07,243.04771850524497,169.11866740824644
2025-01-08,242.0687893607263,168.98348053465082
2025-01-09,240.69269827503905,167.8246602703572
2025-01-10,240.1316314878896,167.1469843421195
2025-01-13,233.23537397032112,164.6820217480474
2025-01-14,230.9975008244141,165.32475501123537
2025-01-15,232.3660423226213,165.58975082034473
2025-01-16,230.8404563096874,166.29311824553287
2025-01-17,230.41400405518758,165.51841651210918
2025-01-20,229.70907120542762,166.5281592181762
2025-01-21,225.71104391590728,164.2447507980528
2025-01-22,227.3343204132721,165.17708463369854
2025-01-23,229.52271175441453,165.53375617487626
2025-01-24,225.58107174822555,164.72660569069467
2025-01-27,219.98735797149894,162.85016507204787
2025-01-28,218.48479256119708,163.7639547740488
2025-01-29,222.52944920508276,165.2323687225811
2025-01-30,222.32968078382433,165.84869993223265
2025-01-31,225.30667389812834,167.69554795894734
2025-02-01,229.1238293391454,167.50829539982902
2025-02-03,229.51053432677674,166.644439713593
2025-02-04,230.00393422445813,169.3422976780685
2025-02-05,229.4642905231621,169.03592239718967
2025-02-06,226.56925828574614,168.372861642651
2025-02-07,227.7208924078034,168.06326795841233
2025-02-10,223.62033032587604,166.7910233575278
2025-02-11,218.36962969134672,164.58109484787983
2025-02-12,218.06193783862201,164.3916966865216
2025-02-13,218.71610861859114,164.2929014561118
2025-02-14,216.7019714777484,163.5642187109893
2025-02-17,217.22499498035847,163.7800049934018
2025-02-18,218.5165667138776,163.67871584870016
2025-02-19,217.57463958937504,163.59025851999166
2025-02-20,217.45075309641376,163.44937326122647
2025-02-21,215.38356385563534,162.6129784971647
2025-02-24,212.4889517825658,160.8827592779187
2025-02-25,211.91266330631117,160.84139373863133
2025-02-27,211.22762753504102,160.82356016157243
2025-02-28,205.38119837500437,157.8250113689056
2025-03-03,206.46957802755608,157.78650198844403
2025-03-04,206.4047036921571,157.52505896226435
2025-03-05,209.91301229783718,159.34158990797894
2025-03-06,209.8200653223306,160.8210523147985
2025-03-07,206.97140912362448,160.87669864821504
2025-03-10,204.88933742648672,160.21900189927612
2025-03-11,205.9807402412465,160.48721611174534
2025-03-12,204.53540674204888,160.29175732068353
2025-03-13,203.98504610328627,159.76887126832415
2025-03-17,206.18847678363085,160.5646110496845
2025-03-18,206.24660118521612,162.88690502728554
2025-03-19,211.03265932093404,163.40977714716283
2025-03-20,213.55705914620577,165.42890031476279
2025-03-21,215.1301086099722,166.5684658888256
2025-03-24,215.59856664084248,168.76520033794645
2025-03-25,215.32864211928626,168.83868024842187
2025-03-26,212.60815455062271,167.54181695170683
2025-03-27,213.22067588452722,168.291537744766
2025-03-28,210.87124929706226,167.77365345347235
2025-04-01,207.19960910577905,165.25091285622585
2025-04-02,208.00178634861564,166.43970188946764
2025-04-03,207.93123786903953,165.85297720423026
2025-04-04,207.4318110794066,163.3873040535722
2025-04-07,199.61465505876052,158.0882377527911
2025-04-08,203.59486825478487,160.75792423850638
2025-04-09,204.18538509370302,159.78278981791928
2025-04-11,207.2375528502093,162.84588780005004
2025-04-15,211.4373714743203,166.41260321182733
2025-04-16,212.17282589419173,167.18763932482085
2025-04-17,215.88406171381362,170.1440980891323
2025-04-21,218.61031504430306,172.09794757820032
2025-04-22,220.62887368647768,172.3954060705497
2025-04-23,220.44303097577878,173.54887626172567
2025-04-24,218.70593253354684,172.96215157648828
2025-04-25,214.87485383547775,171.48303748172066
2025-04-28,217.583177517837,173.5456717908479
2025-04-29,217.43351690227973,173.59881027749054
2025-04-30,216.3801091478839,173.58632677354936
2025-05-02,214.60101467490418,173.67549465884377
2025-05-05,215.9953465502538,174.49192417608884
2025-05-06,215.74242865634153,173.91018731943515
2025-05-07,216.23900281845528,174.15843628508767
2025-05-08,213.30086428035918,173.15547869779232
2025-05-09,211.96298646459508,171.25940721189866
2025-05-12,219.7147098803227,177.79861767485835
2025-05-13,218.7740599728365,175.3279566956166
2025-05-14,219.05670335262462,175.95962756803522
2025-05-15,222.7856551001786,178.77875385651114
2025-05-16,222.38900698119045,178.47701809216403
2025-05-19,223.12949651729176,177.94663636444707
2025-05-20,220.23453112070436,176.0808958920356
2025-05-21,221.37102473429653,177.00502349573784
2025-05-22,221.48391443996098,175.5515869654386
2025-05-23,223.16269872545817,177.28822905892224
2025-05-26,223.75578166993128,178.3439768208083
2025-05-27,221.73895296711947,177.0959747387382
2025-05-28,221.7939107715035,176.56988421550105
2025-05-29,221.72165943233355,177.1487649133289
2025-05-30,220.89151763955866,176.55740071155984
2025-06-02,221.00991513732455,176.31415350697304
2025-06-03,219.77513794743993,175.07222598708861
2025-06-04,220.62683741796232,175.62648798908597
2025-06-05,221.1065931048225,176.55883575721384
2025-06-06,224.47231736540496,178.35753312586954
2025-06-09,226.8404382908664,179.07193507686284
2025-06-10,225.78313342323816,179.07943075222042
2025-06-11,225.48911532139886,179.34444049381187
2025-06-12,223.73556382626472,177.53824744979858
2025-06-13,222.86780612658848,176.32842036862013
2025-06-16,225.82435879534043,177.95413203980465
2025-06-17,224.25878072222937,177.29001241662812
2025-06-18,222.999972254108,176.99504783857057
2025-06-19,222.9906978946061,176.8609337660949
2025-06-20,227.00360811930906,179.13757099992873
2025-06-23,227.61850599366812,178.13532396921931
2025-06-24,229.38126259859553,178.652135459393
2025-06-25,230.45203530091024,180.08167778292977
2025-06-26,233.64923203627228,182.25202411099627
2025-06-27,235.39835449703773,182.88547834112077
2025-06-30,234.81987831829224,182.02411656917656
2025-07-01,236.23163660575418,182.2006689820595
2025-07-02,234.2343067373672,181.57007091076088
2025-07-03,231.3307685002552,181.22695567464433
2025-07-04,231.89988980214721,181.6242821985235
2025-07-07,232.5604697540178,181.6264278007634
2025-07-08,234.17704585930397,182.0629881941721
2025-07-09,233.90694561270072,181.73199421746276
2025-07-10,232.31735462020026,180.8699218889326
2025-07-11,230.82005198372227,179.40471241127807
2025-07-14,230.1851318290728,178.92285751863622
2025-07-15,230.52610307569248,179.7325019171097
2025-07-16,230.23384465848665,179.84842016799243
2025-07-17,229.2074169766494,179.13078588115718
2025-07-18,228.20801969917792,178.11035696133695
2025-07-21,229.1196139223936,178.98276719156843
2025-07-22,229.45136275203672,178.77019931251573
2025-07-23,229.9620047038327,179.9044148134609
2025-07-24,228.2271186727806,178.77875385651117
2025-07-25,226.19747438018064,177.17302136462544
2025-07-28,222.78952043120282,176.059495599565
2025-07-29,223.36425711505152,177.05959702803455
2025-07-30,223.26658484912107,177.30178536398344
2025-07-31,223.15969006141054,176.683308552092
2025-08-01,220.70833734913205,175.23522209491043
2025-08-04,222.95334016981832,176.35802689303435
2025-08-05,223.08379046714137,175.83586532974297
2025-08-06,223.26476758420077,175.2983501712025
2025-08-07,222.89254075010098,175.45493733726875
2025-08-08,220.65785991229782,173.79392075650048
2025-08-11,222.10923843985364,175.3757590416237
2025-08-12,220.55088783325758,174.6791767352072
2025-08-13,222.57754519973074,175.6204273593824
2025-08-14,222.8526808098441,175.70568021721311
2025-08-18,226.35674694817536,177.45799635303362
2025-08-19,227.18164217073053,178.19774148892552
2025-08-20,227.0558969403444,178.69637108998842
2025-08-21,227.49537420912327,178.9331954203376
2025-08-22,226.24054066555445,177.40913513838873
2025-08-25,226.0521088240447,178.10571744480526
2025-08-26,222.707368490012,176.2817047562152
2025-08-28,220.44340100693773,174.7754780513252
2025-08-29,220.08775377776118,174.24724192584816
2025-09-01,221.80309472010916,175.66109627456592
2025-09-02,222.46395219354974,175.3368734841461
2025-09-03,223.26173996345693,176.3031050486858
2025-09-04,222.15828619129084,176.44042359203925
2025-09-05,222.90645339030954,176.4882120055642
2025-09-08,222.75563355794765,176.7175545930379
2025-09-09,223.6836294301146,177.39843499215337
2025-09-10,226.50810396016843,178.14387851321482
2025-09-11,226.6825373095144,178.37500445839441
2025-09-12,229.41224772360854,179.1489817027501
2025-09-15,229.37859599400147,178.82939842886202
2025-09-16,230.2511288139567,180.04137111228033
2025-09-17,231.74220454222439,180.69158611834374
2025-09-18,232.02344435274938,181.35748909922611
2025-09-19,231.6976439090945,180.66876471270118
2025-09-22,232.1672732725638,179.77921752951465
2025-09-23,231.78894603692174,179.54488711345732
2025-09-24,230.68967150223423,178.7416655892215
2025-09-25,229.6437578162027,177.5571538279774
2025-09-26,226.96043040615783,175.87259135249857
2025-09-29,227.60496735190145,175.73135778168145
2025-09-30,227.0880255576858,175.561576555088
2025-10-01,228.6318654483576,177.16803353604178
2025-10-03,228.46834985109126,177.5814102792739
2025-10-06,229.12022066712578,178.88968427881028
2025-10-07,229.65656877731035,179.10832672004864
2025-10-08,227.84406913071263,178.66498120786832
2025-10-09,229.4324768023872,179.6326338855799
2025-10-10,231.4515919485739,180.37129228786972
2025-10-13,231.44560932122326,179.95755330010354
2025-10-14,230.42595458859626,179.373684773692
2025-10-15,232.98136733156076,180.64379770481872
2025-10-16,234.40171266366892,182.51097322288413
2025-10-17,235.34762557518297,183.39943367246866
2025-10-20,235.12995678738204,184.3503255742413
2025-10-21,235.5039162789843,184.53186581570793
2025-10-23,234.24186567813544,184.69451361147782
2025-10-24,232.26001889061493,184.00792089471068
2025-10-27,233.74625346761462,185.22702700895255
2025-10-28,234.33023119905795,185.01408295288377
2025-10-29,234.27972434287537,185.8536961203054
2025-10-30,233.74852336250513,184.59785005082577
2025-10-31,233.66884778677098,183.48681820005714
2025-11-03,233.8344211846759,183.78107222152877
2025-11-04,231.96941181990553,182.59906830705862
2025-11-06,230.5416858680712,181.97167470663774
2025-11-07,232.10919355604426,181.84756415629357
2025-11-10,231.7024910170326,182.43285379587698
2025-11-11,234.29547266387743,183.29314276670127
2025-11-12,235.4433925317408,184.58323487712678
2025-11-13,233.60268541646536,184.60712908388925
2025-11-14,235.03459654682098,184.82755488283348
2025-11-17,235.99741261081525,185.56514048400336
2025-11-18,234.500044135857,184.82755488283348
2025-11-19,235.3482309079039,185.84477933177595
2025-11-20,236.6709021886048,186.83989293166184
2025-11-21,235.65448827096876,185.95534750954107
2025-11-24,234.4617522489592,185.18029746406543
2025-11-25,235.0179533483906,184.64743575453872
2025-11-26,237.1092872827722,186.93370033348796
2025-11-27,235.2337892147242,187.0068179994294
2025-11-28,235.56113475158787,186.91692562506694
2025-12-01,236.4242875043893,186.7229018796591
2025-12-02,236.04022998799354,185.69889231194497
2025-12-03,233.14372166394733,185.3693333808896
2025-12-04,233.88540705473307,185.70995470271433
2025-12-05,234.49404454163152,186.7992240164783
2025-12-08,230.56384302379644,185.18779313942298
2025-12-09,230.46185523873731,184.3253585663588
2025-12-10,229.858619168683,183.74291115311917
2025-12-11,231.8585242668253,184.7455204283626
2025-12-12,233.16988675663825,185.80411041659244
2025-12-15,232.62440131540416,185.66394964689525
2025-12-16,230.36403425493316,184.47123165370766
2025-12-17,230.11533944584562,184.17484596247823
2025-12-18,229.72212947955694,184.15344567000756
2025-12-19,231.72333042837693,185.22952092324434
2025-12-22,233.00696503980745,186.69900767289658
2025-12-23,232.71117763428515,186.73289146930844
2025-12-24,232.8139414919605,186.48285914595002
2025-12-26,231.90325557240197,185.77095110924853
2025-12-29,230.45175040336832,185.05617298123911
2025-12-30,230.3176134527692,185.03298933106257
2025-12-31,232.7753393425225,186.3936912606556
2026-01-01,234.90169422279868,186.51461127260407
2026-01-02,236.75624501215063,187.812895682491
2026-01-05,237.96177537306033,187.25470472054786
2026-01-06,239.23436640708906,186.7439399275957
2026-01-07,238.37129218646987,186.47323180083464
2026-01-08,235.06394532906967,184.59071662000218
2026-01-09,233.8612879482946,183.21004944359242
2026-01-12,235.42154273444194,183.97296429717875
2026-01-13,235.0523027937543,183.55958755394659
2026-01-14,234.37866510669693,183.08377935852624
2026-01-15,234.37866510669693,183.08377935852624
2026-01-16,233.38121296580005,183.28886549470343
2026-01-19,234.11137417784812,182.5123943360559
2026-01-20,229.5717167787554,179.99429325534112
2026-01-21,229.2447865275846,179.45928594357454
2026-01-22,231.29980032427986,180.40375497110958
2026-01-23,229.6230145781631,178.68281478492702
2026-01-27,230.49393487838788,179.58697714181258
2026-01-28,230.37930881706754,180.780754003638
2026-01-29,230.57594580556605,181.3239675473481
2026-01-30,229.94955518176957,180.62310796893385
2026-02-02,225.42939172676947,178.9663686601633
2026-02-03,231.19453844745135,183.52570375753464
2026-02-04,233.04556326436938,183.87131290794304
2026-02-05,231.9487344394107,182.9211454952384
2026-02-06,231.4128346991855,183.28422597817163
2026-02-09,236.0501679179957,184.52260071512637
2026-02-10,237.36039095066036,185.00660121000814
2026-02-11,240.56134568816637,185.1399907934158
2026-02-12,241.34399053518496,184.0938703766451
2026-02-13,238.51925907946205,181.6963270633448
2026-02-16,239.12300563523098,183.20612048364654
2026-02-17,239.77417575281137,183.5103640947676
2026-02-18,241.04796705958128,184.18054434764773
2026-02-19,237.4408947724508,181.5768420970503
2026-02-20,239.80097100075045,182.41074294682025
2026-02-23,240.90862168771596,183.4219067660591
2026-02-24,239.32342744371186,181.36498477458355
2026-02-25,241.96390087925712,181.77765096122977
2026-02-26,243.25845136554224,181.87788123729354
2026-02-27,239.53713120682787,179.61016079198913
2026-03-02,235.04449684251244,177.37774525626847
2026-03-04,229.27655276048827,174.62995327602806
2026-03-05,234.0359185527298,176.66583721956698
2026-03-06,231.10943535777403,174.41558810678742
2026-03-09,223.26016113807722,171.40243807290364
2026-03-10,229.42643522064094,173.06844248225556
2026-03-11,223.977541017211,170.2525206646574
2026-03-12,220.15203049445444,168.62824403912683
2026-03-13,211.65198638969738,165.14676755269818
2026-03-16,214.73053731428269,166.98506103541746
2026-03-17,217.74726239452374,168.21450505136067
2026-03-18,220.4924370123148,169.61729700930908
2026-03-19,211.32463030752183,164.08424860452257
2026-03-20,212.48027504901836,164.88568677105252
2026-03-23,204.84789374856194,160.5924342163926
2026-03-24,209.79215091009883,163.44402318810856
2026-03-25,215.47400286576504,166.254943244641
2026-03-27,209.78317916742563,162.78203523468986
2026-03-30,206.03885509360913,159.29949987962334
2026-04-01,208.17584237894513,161.78193380622034
2026-04-02,207.39029204365008,162.02232485198132
2026-04-06,210.58633144729149,163.84242251310766
2026-04-07,212.33740778598204,164.95096044958447
2026-04-08,216.4994743191885,171.18343338713132
2026-04-09,217.1357182527803,169.5980283865963
2026-04-10,217.48792174527887,171.56328857848558
2026-04-13,216.5543016721622,170.07989721172027
2026-04-15,220.31239344784348,172.85230788779117
2026-04-16,220.10694536226848,172.60584227984455
2026-04-17,221.87893837619575,173.72436980597072
2026-04-20,222.3743246991009,173.80496921478763
2026-04-21,222.344993375436,175.3154731916753
2026-04-22,223.23657418382203,173.89948717319973
2026-04-23,222.5722741626557,172.4367855423191
2026-04-24,221.73113657382618,170.47436757677357
2026-04-27,224.16534762584632,171.8636032296608
2026-04-28,225.3731154430419,171.17166043977602
2026-04-29,226.24470505097395,172.469596537611
2026-04-30,224.07686224525696,171.18486843278524
2026-05-01,224.07686224525696,171.18486843278524
2026-05-04,224.43022832824258,172.05336363555304
2026-05-05,223.90614240546128,171.43632186931558
2026-05-06,224.85208027927146,173.5631431233727
2026-05-07,225.18850513929794,173.53247773032064
2026-05-08,223.46713107650632,172.45889639137567
2026-05-11,219.66792976073518,169.88871569265612
2026-05-12,218.59063930768895,166.7764081838285
2026-05-13,219.34263125178072,167.0121597130577
2026-05-14,221.61371248123353,168.9881200511823
2026-05-15,221.4321251937535,168.65927167671288
2026-05-18,218.86110081926847,168.70527673253198
2026-05-19,218.08027780922762,168.47736919071224
2026-05-20,219.05502293765437,168.76983985447796
2026-05-21,218.95954992137987,168.73916052894387
2026-05-22,218.25277984974124,169.19999130613118
2026-05-25,219.34949323872905,171.42846394942396
2026-05-26,218.9081445469045,170.5867191122445
2026-05-27,220.96223329489553,170.5400034998395
2026-05-28,220.96223329489553,170.5400034998395
2026-05-29,216.23587912515728,167.97624567535757
2026-06-01,215.42812357774002,166.7981567883511
2026-06-02,214.7147573125359,167.51828498947816
2026-06-03,215.49754762284059,166.9622256972928
2026-06-04,216.3755707320635,167.04034512429996
2026-06-05,214.82138092448517,166.6847324517601
2026-06-08,213.06738094682035,164.94632093305268
2026-06-09,212.55127490912173,165.7959097576416
2026-06-10,209.41449532799007,165.60223432428566
2026-06-11,208.46914013200015,165.22166857634545
2026-06-12,211.10393595797183,168.51232578824403
2026-06-15,211.98043545202387,170.1601483084851
2026-06-16,212.52272552364184,171.12494482737088
2026-06-17,214.1545226961756,171.81366921389585
2026-06-18,215.06489509960423,172.40075614366722
2026-06-19,215.61479779674093,171.29578492260222
2026-06-22,215.39507916589943,171.93637258355025
2026-06-23,213.32392964352002,169.94756649695043
2026-06-24,212.63786430898782,171.35678132913648
2026-06-25,210.43743928662386,171.60181189142918
2026-06-26,210.43743928662386,171.60181189142918
2026-06-29,211.62268731579675,170.81891785854407
2026-06-30,211.62864675275577,170.24467667724792
2026-07-01,212.9002071181791,171.24406754913147
2026-07-02,214.36053404881338,172.4556779880158
2026-07-03,215.77907880250234,173.13442671737346
2026-07-06,215.75482733266665,174.27220893373038
2026-07-07,214.21498055878425,174.04643306166847
2026-07-08,211.3031094197517,170.36095717266465
2026-07-09,212.5690389994303,170.9369817116667
2026-07-10,214.2132887236168,172.67824938919995
2026-07-13,213.5460961983294,172.7074936690801
2026-07-14,214.40621787273005,171.5736404126689
2026-07-15,212.87734593478328,171.7623140849591
2026-07-16,212.51343206158992,171.7623140849591
